{"swagger":"2.0","info":{"title":"WhisperAPI Connector","description":"This connects to OpenAI WhisperAPI to transcribe audio file to text. API Key must be entered in the format of Bearer <API Key>","version":"1.0"},"host":"api.openai.com","basePath":"/","schemes":["https"],"consumes":[],"produces":[],"paths":{"/v1/audio/transcriptions":{"post":{"responses":{"default":{"description":"default","schema":{"type":"object","properties":{"text":{"type":"string","description":"text"}}}}},"summary":"Speech To Text","operationId":"Speech2Text","consumes":["multipart/form-data"],"parameters":[{"name":"Content-Type","in":"header","required":false,"type":"string"},{"name":"file","in":"formData","required":true,"type":"file"},{"name":"filename","in":"formData","required":true,"type":"string"},{"name":"model","in":"formData","required":true,"type":"string"}]}}},"definitions":{},"parameters":{},"responses":{},"securityDefinitions":{"API Key":{"type":"apiKey","in":"header","name":"Authorization"}},"security":[{"API Key":[]}],"tags":[]}